ID,Name,Age,Gender,Country,Salary
1,Ahmed_1,45,Female,Egypt,3875
2,Ahmed_2,25,Male,Egypt,5319
3,Ahmed_3,53,Female,Egypt,12272
4,Ahmed_4,51,Female,Egypt,14820
5,Ahmed_5,41,Male,Egypt,4716
6,Ahmed_6,38,Male,Egypt,14140
7,Ahmed_7,22,Female,Egypt,3982
8,Ahmed_8,26,Male,Egypt,4237
9,Ahmed_9,35,Female,Egypt,3260
10,Ahmed_10,42,Male,Egypt,7086
11,Ahmed_11,40,Female,Egypt,12629
12,Ahmed_12,19,Male,Egypt,5125
13,Ahmed_13,54,Female,Egypt,4385
14,Ahmed_14,53,Female,Egypt,9724
15,Ahmed_15,47,Female,Egypt,4780
16,Ahmed_16,25,Female,Egypt,3630
17,Ahmed_17,24,Male,Egypt,4468
18,Ahmed_18,48,Female,Egypt,9268
19,Ahmed_19,28,Male,Egypt,6558
20,Ahmed_20,24,Male,Egypt,6689
21,Ahmed_21,25,Female,Egypt,14114
22,Ahmed_22,49,Male,Egypt,10118
23,Ahmed_23,50,Female,Egypt,11151
24,Ahmed_24,59,Female,Egypt,5569
25,Ahmed_25,46,Female,Egypt,8307
26,Ahmed_26,57,Male,Egypt,13345
27,Ahmed_27,40,Female,Egypt,4010
28,Ahmed_28,52,Male,Egypt,9177
29,Ahmed_29,48,Female,Egypt,6278
30,Ahmed_30,28,Male,Egypt,9754
31,Ahmed_31,35,Male,Egypt,5226
32,Ahmed_32,40,Male,Egypt,12087
33,Ahmed_33,53,Male,Egypt,13412
34,Ahmed_34,38,Male,Egypt,5935
35,Ahmed_35,28,Female,Egypt,12701
36,Ahmed_36,32,Female,Egypt,5828
37,Ahmed_37,21,Male,Egypt,8899
38,Ahmed_38,18,Male,Egypt,7032
39,Ahmed_39,32,Male,Egypt,13740
40,Ahmed_40,47,Male,Egypt,5886
41,Ahmed_41,43,Male,Egypt,3424
42,Ahmed_42,27,Male,Egypt,12926
43,Ahmed_43,36,Female,Egypt,4365
44,Ahmed_44,57,Male,Egypt,14480
45,Ahmed_45,33,Female,Egypt,7629
46,Ahmed_46,46,Female,Egypt,14440
47,Ahmed_47,27,Female,Egypt,9665
48,Ahmed_48,43,Male,Egypt,4132
49,Ahmed_49,53,Female,Egypt,4578
50,Ahmed_50,34,Female,Egypt,6533
51,Ahmed_51,43,Female,Egypt,12467
52,Ahmed_52,33,Female,Egypt,9742
53,Ahmed_53,46,Female,Egypt,8084
54,Ahmed_54,46,Female,Egypt,12046
55,Ahmed_55,41,Male,Egypt,12640
56,Ahmed_56,54,Female,Egypt,13271
57,Ahmed_57,56,Female,Egypt,12526
58,Ahmed_58,60,Female,Egypt,3076
59,Ahmed_59,44,Male,Egypt,4868
60,Ahmed_60,18,Female,Egypt,13786
61,Ahmed_61,30,Female,Egypt,5101
62,Ahmed_62,46,Male,Egypt,5043
63,Ahmed_63,46,Female,Egypt,6315
64,Ahmed_64,31,Female,Egypt,14756
65,Ahmed_65,31,Female,Egypt,6424
66,Ahmed_66,37,Male,Egypt,6376
67,Ahmed_67,29,Male,Egypt,4551
68,Ahmed_68,34,Male,Egypt,9791
69,Ahmed_69,34,Female,Egypt,11851
70,Ahmed_70,29,Male,Egypt,9598
71,Ahmed_71,30,Male,Egypt,10266
72,Ahmed_72,42,Male,Egypt,10553
73,Ahmed_73,36,Male,Egypt,5526
74,Ahmed_74,51,Male,Egypt,6944
75,Ahmed_75,58,Female,Egypt,14494
76,Ahmed_76,19,Male,Egypt,8337
77,Ahmed_77,19,Female,Egypt,14299
78,Ahmed_78,57,Female,Egypt,5492
79,Ahmed_79,48,Female,Egypt,9480
80,Ahmed_80,43,Female,Egypt,7319
81,Ahmed_81,32,Male,Egypt,5385
82,Ahmed_82,54,Male,Egypt,10513
83,Ahmed_83,44,Female,Egypt,7642
84,Ahmed_84,30,Female,Egypt,11665
85,Ahmed_85,43,Male,Egypt,13223
86,Ahmed_86,34,Male,Egypt,3680
87,Ahmed_87,41,Female,Egypt,7202
88,Ahmed_88,57,Male,Egypt,9628
89,Ahmed_89,41,Male,Egypt,8366
90,Ahmed_90,41,Female,Egypt,7724
91,Ahmed_91,35,Male,Egypt,9427
92,Ahmed_92,46,Male,Egypt,3832
93,Ahmed_93,39,Male,Egypt,6578
94,Ahmed_94,30,Female,Egypt,10582
95,Ahmed_95,20,Female,Egypt,8544
96,Ahmed_96,55,Female,Egypt,7626
97,Ahmed_97,48,Male,Egypt,13214
98,Ahmed_98,54,Male,Egypt,11973
99,Ahmed_99,45,Female,Egypt,3121
100,Ahmed_100,32,Female,Egypt,13429
